,,,,,
1,Toán lớp 1 (01),1,1,1,2025-08-20
2,Toán lớp 1 (02),1,1,1,2025-08-20
3,Toán lớp 1 (03),1,1,1,2025-08-20
4,Toán lớp 2 (01),2,1,1,2025-08-20
5,Toán lớp 2 (02),2,1,1,2025-08-20
6,Toán lớp 2 (03),2,1,1,2025-08-20
7,Toán lớp 3 (01),3,1,1,2025-08-20
8,Toán lớp 3 (02),3,1,1,2025-08-20
9,Toán lớp 3 (03),3,1,1,2025-08-20
10,Toán lớp 4 (01),4,1,1,2025-08-20
11,Toán lớp 4 (02),4,1,1,2025-08-20
12,Toán lớp 4 (03),4,1,1,2025-08-20
13,Toán lớp 5 (01),5,1,1,2025-08-20
14,Toán lớp 5 (02),5,1,1,2025-08-20
15,Toán lớp 5 (03),5,1,1,2025-08-20
16,Toán lớp 6 (01),6,1,1,2025-08-20
17,Toán lớp 6 (02),6,1,1,2025-08-20
18,Toán lớp 6 (03),6,1,1,2025-08-20
19,Toán lớp 7 (01),7,1,1,2025-08-20
20,Toán lớp 7 (02),7,1,1,2025-08-20
21,Toán lớp 7 (03),7,1,1,2025-08-20
22,Toán lớp 8 (01),8,1,1,2025-08-20
23,Toán lớp 8 (02),8,1,1,2025-08-20
24,Toán lớp 8 (03),8,1,1,2025-08-20
25,Toán lớp 9 (01),9,1,1,2025-08-20
26,Toán lớp 9 (02),9,1,1,2025-08-20
27,Toán lớp 9 (03),9,1,1,2025-08-20
28,Toán lớp 10 (01),10,1,1,2025-08-20
29,Toán lớp 10 (02),10,1,1,2025-08-20
30,Toán lớp 10 (03),10,1,1,2025-08-20
31,Toán lớp 11 (01),11,1,1,2025-08-20
32,Toán lớp 11 (02),11,1,1,2025-08-20
33,Toán lớp 11 (03),11,1,1,2025-08-20
34,Toán lớp 12 (01),12,1,1,2025-08-20
35,Toán lớp 12 (02),12,1,1,2025-08-20
36,Toán lớp 12 (03),12,1,1,2025-08-20
37,Văn lớp 1 (01),1,2,1,2025-08-20
38,Văn lớp 1 (02),1,2,1,2025-08-20
39,Văn lớp 1 (03),1,2,1,2025-08-20
40,Văn lớp 2 (01),2,2,1,2025-08-20
41,Văn lớp 2 (02),2,2,1,2025-08-20
42,Văn lớp 2 (03),2,2,1,2025-08-20
43,Văn lớp 3 (01),3,2,1,2025-08-20
44,Văn lớp 3 (02),3,2,1,2025-08-20
45,Văn lớp 3 (03),3,2,1,2025-08-20
46,Văn lớp 4 (01),4,2,1,2025-08-20
47,Văn lớp 4 (02),4,2,1,2025-08-20
48,Văn lớp 4 (03),4,2,1,2025-08-20
49,Văn lớp 5 (01),5,2,1,2025-08-20
50,Văn lớp 5 (02),5,2,1,2025-08-20
51,Văn lớp 5 (03),5,2,1,2025-08-20
52,Văn lớp 6 (01),6,2,1,2025-08-20
53,Văn lớp 6 (02),6,2,1,2025-08-20
54,Văn lớp 6 (03),6,2,1,2025-08-20
55,Văn lớp 7 (01),7,2,1,2025-08-20
56,Văn lớp 7 (02),7,2,1,2025-08-20
57,Văn lớp 7 (03),7,2,1,2025-08-20
58,Văn lớp 8 (01),8,2,1,2025-08-20
59,Văn lớp 8 (02),8,2,1,2025-08-20
60,Văn lớp 8 (03),8,2,1,2025-08-20
61,Văn lớp 9 (01),9,2,1,2025-08-20
62,Văn lớp 9 (02),9,2,1,2025-08-20
63,Văn lớp 9 (03),9,2,1,2025-08-20
64,Văn lớp 10 (01),10,2,1,2025-08-20
65,Văn lớp 10 (02),10,2,1,2025-08-20
66,Văn lớp 10 (03),10,2,1,2025-08-20
67,Văn lớp 11 (01),11,2,1,2025-08-20
68,Văn lớp 11 (02),11,2,1,2025-08-20
69,Văn lớp 11 (03),11,2,1,2025-08-20
70,Văn lớp 12 (01),12,2,1,2025-08-20
71,Văn lớp 12 (02),12,2,1,2025-08-20
72,Văn lớp 12 (03),12,2,1,2025-08-20
73,Tiếng Anh lớp 1 (01),1,3,1,2025-08-20
74,Tiếng Anh lớp 1 (02),1,3,1,2025-08-20
75,Tiếng Anh lớp 1 (03),1,3,1,2025-08-20
76,Tiếng Anh lớp 2 (01),2,3,1,2025-08-20
77,Tiếng Anh lớp 2 (02),2,3,1,2025-08-20
78,Tiếng Anh lớp 2 (03),2,3,1,2025-08-20
79,Tiếng Anh lớp 3 (01),3,3,1,2025-08-20
80,Tiếng Anh lớp 3 (02),3,3,1,2025-08-20
81,Tiếng Anh lớp 3 (03),3,3,1,2025-08-20
82,Tiếng Anh lớp 4 (01),4,3,1,2025-08-20
83,Tiếng Anh lớp 4 (02),4,3,1,2025-08-20
84,Tiếng Anh lớp 4 (03),4,3,1,2025-08-20
85,Tiếng Anh lớp 5 (01),5,3,1,2025-08-20
86,Tiếng Anh lớp 5 (02),5,3,1,2025-08-20
87,Tiếng Anh lớp 5 (03),5,3,1,2025-08-20
88,Tiếng Anh lớp 6 (01),6,3,1,2025-08-20
89,Tiếng Anh lớp 6 (02),6,3,1,2025-08-20
90,Tiếng Anh lớp 6 (03),6,3,1,2025-08-20
91,Tiếng Anh lớp 7 (01),7,3,1,2025-08-20
92,Tiếng Anh lớp 7 (02),7,3,1,2025-08-20
93,Tiếng Anh lớp 7 (03),7,3,1,2025-08-20
94,Tiếng Anh lớp 8 (01),8,3,1,2025-08-20
95,Tiếng Anh lớp 8 (02),8,3,1,2025-08-20
96,Tiếng Anh lớp 8 (03),8,3,1,2025-08-20
97,Tiếng Anh lớp 9 (01),9,3,1,2025-08-20
98,Tiếng Anh lớp 9 (02),9,3,1,2025-08-20
99,Tiếng Anh lớp 9 (03),9,3,1,2025-08-20
100,Tiếng Anh lớp 10 (01),10,3,1,2025-08-20
101,Tiếng Anh lớp 10 (02),10,3,1,2025-08-20
102,Tiếng Anh lớp 10 (03),10,3,1,2025-08-20
103,Tiếng Anh lớp 11 (01),11,3,1,2025-08-20
104,Tiếng Anh lớp 11 (02),11,3,1,2025-08-20
105,Tiếng Anh lớp 11 (03),11,3,1,2025-08-20
106,Tiếng Anh lớp 12 (01),12,3,1,2025-08-20
107,Tiếng Anh lớp 12 (02),12,3,1,2025-08-20
108,Tiếng Anh lớp 12 (03),12,3,1,2025-08-20
109,Lịch Sử lớp 1 (01),1,4,1,2025-08-20
110,Lịch Sử lớp 1 (02),1,4,1,2025-08-20
111,Lịch Sử lớp 1 (03),1,4,1,2025-08-20
112,Lịch Sử lớp 2 (01),2,4,1,2025-08-20
113,Lịch Sử lớp 2 (02),2,4,1,2025-08-20
114,Lịch Sử lớp 2 (03),2,4,1,2025-08-20
115,Lịch Sử lớp 3 (01),3,4,1,2025-08-20
116,Lịch Sử lớp 3 (02),3,4,1,2025-08-20
117,Lịch Sử lớp 3 (03),3,4,1,2025-08-20
118,Lịch Sử lớp 4 (01),4,4,1,2025-08-20
119,Lịch Sử lớp 4 (02),4,4,1,2025-08-20
120,Lịch Sử lớp 4 (03),4,4,1,2025-08-20
121,Lịch Sử lớp 5 (01),5,4,1,2025-08-20
122,Lịch Sử lớp 5 (02),5,4,1,2025-08-20
123,Lịch Sử lớp 5 (03),5,4,1,2025-08-20
124,Lịch Sử lớp 6 (01),6,4,1,2025-08-20
125,Lịch Sử lớp 6 (02),6,4,1,2025-08-20
126,Lịch Sử lớp 6 (03),6,4,1,2025-08-20
127,Lịch Sử lớp 7 (01),7,4,1,2025-08-20
128,Lịch Sử lớp 7 (02),7,4,1,2025-08-20
129,Lịch Sử lớp 7 (03),7,4,1,2025-08-20
130,Lịch Sử lớp 8 (01),8,4,1,2025-08-20
131,Lịch Sử lớp 8 (02),8,4,1,2025-08-20
132,Lịch Sử lớp 8 (03),8,4,1,2025-08-20
133,Lịch Sử lớp 9 (01),9,4,1,2025-08-20
134,Lịch Sử lớp 9 (02),9,4,1,2025-08-20
135,Lịch Sử lớp 9 (03),9,4,1,2025-08-20
136,Lịch Sử lớp 10 (01),10,4,1,2025-08-20
137,Lịch Sử lớp 10 (02),10,4,1,2025-08-20
138,Lịch Sử lớp 10 (03),10,4,1,2025-08-20
139,Lịch Sử lớp 11 (01),11,4,1,2025-08-20
140,Lịch Sử lớp 11 (02),11,4,1,2025-08-20
141,Lịch Sử lớp 11 (03),11,4,1,2025-08-20
142,Lịch Sử lớp 12 (01),12,4,1,2025-08-20
143,Lịch Sử lớp 12 (02),12,4,1,2025-08-20
144,Lịch Sử lớp 12 (03),12,4,1,2025-08-20
145,Địa lý lớp 1 (01),1,5,1,2025-08-20
146,Địa lý lớp 1 (02),1,5,1,2025-08-20
147,Địa lý lớp 1 (03),1,5,1,2025-08-20
148,Địa lý lớp 2 (01),2,5,1,2025-08-20
149,Địa lý lớp 2 (02),2,5,1,2025-08-20
150,Địa lý lớp 2 (03),2,5,1,2025-08-20
151,Địa lý lớp 3 (01),3,5,1,2025-08-20
152,Địa lý lớp 3 (02),3,5,1,2025-08-20
153,Địa lý lớp 3 (03),3,5,1,2025-08-20
154,Địa lý lớp 4 (01),4,5,1,2025-08-20
155,Địa lý lớp 4 (02),4,5,1,2025-08-20
156,Địa lý lớp 4 (03),4,5,1,2025-08-20
157,Địa lý lớp 5 (01),5,5,1,2025-08-20
158,Địa lý lớp 5 (02),5,5,1,2025-08-20
159,Địa lý lớp 5 (03),5,5,1,2025-08-20
160,Địa lý lớp 6 (01),6,5,1,2025-08-20
161,Địa lý lớp 6 (02),6,5,1,2025-08-20
162,Địa lý lớp 6 (03),6,5,1,2025-08-20
163,Địa lý lớp 7 (01),7,5,1,2025-08-20
164,Địa lý lớp 7 (02),7,5,1,2025-08-20
165,Địa lý lớp 7 (03),7,5,1,2025-08-20
166,Địa lý lớp 8 (01),8,5,1,2025-08-20
167,Địa lý lớp 8 (02),8,5,1,2025-08-20
168,Địa lý lớp 8 (03),8,5,1,2025-08-20
169,Địa lý lớp 9 (01),9,5,1,2025-08-20
170,Địa lý lớp 9 (02),9,5,1,2025-08-20
171,Địa lý lớp 9 (03),9,5,1,2025-08-20
172,Địa lý lớp 10 (01),10,5,1,2025-08-20
173,Địa lý lớp 10 (02),10,5,1,2025-08-20
174,Địa lý lớp 10 (03),10,5,1,2025-08-20
175,Địa lý lớp 11 (01),11,5,1,2025-08-20
176,Địa lý lớp 11 (02),11,5,1,2025-08-20
177,Địa lý lớp 11 (03),11,5,1,2025-08-20
178,Địa lý lớp 12 (01),12,5,1,2025-08-20
179,Địa lý lớp 12 (02),12,5,1,2025-08-20
180,Địa lý lớp 12 (03),12,5,1,2025-08-20
181,Sinh học lớp 1 (01),1,6,1,2025-08-20
182,Sinh học lớp 1 (02),1,6,1,2025-08-20
183,Sinh học lớp 1 (03),1,6,1,2025-08-20
184,Sinh học lớp 2 (01),2,6,1,2025-08-20
185,Sinh học lớp 2 (02),2,6,1,2025-08-20
186,Sinh học lớp 2 (03),2,6,1,2025-08-20
187,Sinh học lớp 3 (01),3,6,1,2025-08-20
188,Sinh học lớp 3 (02),3,6,1,2025-08-20
189,Sinh học lớp 3 (03),3,6,1,2025-08-20
190,Sinh học lớp 4 (01),4,6,1,2025-08-20
191,Sinh học lớp 4 (02),4,6,1,2025-08-20
192,Sinh học lớp 4 (03),4,6,1,2025-08-20
193,Sinh học lớp 5 (01),5,6,1,2025-08-20
194,Sinh học lớp 5 (02),5,6,1,2025-08-20
195,Sinh học lớp 5 (03),5,6,1,2025-08-20
196,Sinh học lớp 6 (01),6,6,1,2025-08-20
197,Sinh học lớp 6 (02),6,6,1,2025-08-20
198,Sinh học lớp 6 (03),6,6,1,2025-08-20
199,Sinh học lớp 7 (01),7,6,1,2025-08-20
200,Sinh học lớp 7 (02),7,6,1,2025-08-20
201,Sinh học lớp 7 (03),7,6,1,2025-08-20
202,Sinh học lớp 8 (01),8,6,1,2025-08-20
203,Sinh học lớp 8 (02),8,6,1,2025-08-20
204,Sinh học lớp 8 (03),8,6,1,2025-08-20
205,Sinh học lớp 9 (01),9,6,1,2025-08-20
206,Sinh học lớp 9 (02),9,6,1,2025-08-20
207,Sinh học lớp 9 (03),9,6,1,2025-08-20
208,Sinh học lớp 10 (01),10,6,1,2025-08-20
209,Sinh học lớp 10 (02),10,6,1,2025-08-20
210,Sinh học lớp 10 (03),10,6,1,2025-08-20
211,Sinh học lớp 11 (01),11,6,1,2025-08-20
212,Sinh học lớp 11 (02),11,6,1,2025-08-20
213,Sinh học lớp 11 (03),11,6,1,2025-08-20
214,Sinh học lớp 12 (01),12,6,1,2025-08-20
215,Sinh học lớp 12 (02),12,6,1,2025-08-20
216,Sinh học lớp 12 (03),12,6,1,2025-08-20
217,GDCD lớp 1 (01),1,7,1,2025-08-20
218,GDCD lớp 1 (02),1,7,1,2025-08-20
219,GDCD lớp 1 (03),1,7,1,2025-08-20
220,GDCD lớp 2 (01),2,7,1,2025-08-20
221,GDCD lớp 2 (02),2,7,1,2025-08-20
222,GDCD lớp 2 (03),2,7,1,2025-08-20
223,GDCD lớp 3 (01),3,7,1,2025-08-20
224,GDCD lớp 3 (02),3,7,1,2025-08-20
225,GDCD lớp 3 (03),3,7,1,2025-08-20
226,GDCD lớp 4 (01),4,7,1,2025-08-20
227,GDCD lớp 4 (02),4,7,1,2025-08-20
228,GDCD lớp 4 (03),4,7,1,2025-08-20
229,GDCD lớp 5 (01),5,7,1,2025-08-20
230,GDCD lớp 5 (02),5,7,1,2025-08-20
231,GDCD lớp 5 (03),5,7,1,2025-08-20
232,GDCD lớp 6 (01),6,7,1,2025-08-20
233,GDCD lớp 6 (02),6,7,1,2025-08-20
234,GDCD lớp 6 (03),6,7,1,2025-08-20
235,GDCD lớp 7 (01),7,7,1,2025-08-20
236,GDCD lớp 7 (02),7,7,1,2025-08-20
237,GDCD lớp 7 (03),7,7,1,2025-08-20
238,GDCD lớp 8 (01),8,7,1,2025-08-20
239,GDCD lớp 8 (02),8,7,1,2025-08-20
240,GDCD lớp 8 (03),8,7,1,2025-08-20
241,GDCD lớp 9 (01),9,7,1,2025-08-20
242,GDCD lớp 9 (02),9,7,1,2025-08-20
243,GDCD lớp 9 (03),9,7,1,2025-08-20
244,GDCD lớp 10 (01),10,7,1,2025-08-20
245,GDCD lớp 10 (02),10,7,1,2025-08-20
246,GDCD lớp 10 (03),10,7,1,2025-08-20
247,GDCD lớp 11 (01),11,7,1,2025-08-20
248,GDCD lớp 11 (02),11,7,1,2025-08-20
249,GDCD lớp 11 (03),11,7,1,2025-08-20
250,GDCD lớp 12 (01),12,7,1,2025-08-20
251,GDCD lớp 12 (02),12,7,1,2025-08-20
252,GDCD lớp 12 (03),12,7,1,2025-08-20
253,Tin học lớp 1 (01),1,8,1,2025-08-20
254,Tin học lớp 1 (02),1,8,1,2025-08-20
255,Tin học lớp 1 (03),1,8,1,2025-08-20
256,Tin học lớp 2 (01),2,8,1,2025-08-20
257,Tin học lớp 2 (02),2,8,1,2025-08-20
258,Tin học lớp 2 (03),2,8,1,2025-08-20
259,Tin học lớp 3 (01),3,8,1,2025-08-20
260,Tin học lớp 3 (02),3,8,1,2025-08-20
261,Tin học lớp 3 (03),3,8,1,2025-08-20
262,Tin học lớp 4 (01),4,8,1,2025-08-20
263,Tin học lớp 4 (02),4,8,1,2025-08-20
264,Tin học lớp 4 (03),4,8,1,2025-08-20
265,Tin học lớp 5 (01),5,8,1,2025-08-20
266,Tin học lớp 5 (02),5,8,1,2025-08-20
267,Tin học lớp 5 (03),5,8,1,2025-08-20
268,Tin học lớp 6 (01),6,8,1,2025-08-20
269,Tin học lớp 6 (02),6,8,1,2025-08-20
270,Tin học lớp 6 (03),6,8,1,2025-08-20
271,Tin học lớp 7 (01),7,8,1,2025-08-20
272,Tin học lớp 7 (02),7,8,1,2025-08-20
273,Tin học lớp 7 (03),7,8,1,2025-08-20
274,Tin học lớp 8 (01),8,8,1,2025-08-20
275,Tin học lớp 8 (02),8,8,1,2025-08-20
276,Tin học lớp 8 (03),8,8,1,2025-08-20
277,Tin học lớp 9 (01),9,8,1,2025-08-20
278,Tin học lớp 9 (02),9,8,1,2025-08-20
279,Tin học lớp 9 (03),9,8,1,2025-08-20
280,Tin học lớp 10 (01),10,8,1,2025-08-20
281,Tin học lớp 10 (02),10,8,1,2025-08-20
282,Tin học lớp 10 (03),10,8,1,2025-08-20
283,Tin học lớp 11 (01),11,8,1,2025-08-20
284,Tin học lớp 11 (02),11,8,1,2025-08-20
285,Tin học lớp 11 (03),11,8,1,2025-08-20
286,Tin học lớp 12 (01),12,8,1,2025-08-20
287,Tin học lớp 12 (02),12,8,1,2025-08-20
288,Tin học lớp 12 (03),12,8,1,2025-08-20
289,Vật lý lớp 8 (01),8,9,1,2025-08-20
290,Vật lý lớp 8 (02),8,9,1,2025-08-20
291,Vật lý lớp 8 (03),8,9,1,2025-08-20
292,Vật lý lớp 9 (01),9,9,1,2025-08-20
293,Vật lý lớp 9 (02),9,9,1,2025-08-20
294,Vật lý lớp 9 (03),9,9,1,2025-08-20
295,Vật lý lớp 10 (01),10,9,1,2025-08-20
296,Vật lý lớp 10 (02),10,9,1,2025-08-20
297,Vật lý lớp 10 (03),10,9,1,2025-08-20
298,Vật lý lớp 11 (01),11,9,1,2025-08-20
299,Vật lý lớp 11 (02),11,9,1,2025-08-20
300,Vật lý lớp 11 (03),11,9,1,2025-08-20
301,Vật lý lớp 12 (01),12,9,1,2025-08-20
302,Vật lý lớp 12 (02),12,9,1,2025-08-20
303,Vật lý lớp 12 (03),12,9,1,2025-08-20
304,Hóa học lớp 8 (01),8,10,1,2025-08-20
305,Hóa học lớp 8 (02),8,10,1,2025-08-20
306,Hóa học lớp 8 (03),8,10,1,2025-08-20
307,Hóa học lớp 9 (01),9,10,1,2025-08-20
308,Hóa học lớp 9 (02),9,10,1,2025-08-20
309,Hóa học lớp 9 (03),9,10,1,2025-08-20
310,Hóa học lớp 10 (01),10,10,1,2025-08-20
311,Hóa học lớp 10 (02),10,10,1,2025-08-20
312,Hóa học lớp 10 (03),10,10,1,2025-08-20
313,Hóa học lớp 11 (01),11,10,1,2025-08-20
314,Hóa học lớp 11 (02),11,10,1,2025-08-20
315,Hóa học lớp 11 (03),11,10,1,2025-08-20
316,Hóa học lớp 12 (01),12,10,1,2025-08-20
317,Hóa học lớp 12 (02),12,10,1,2025-08-20
318,Hóa học lớp 12 (03),12,10,1,2025-08-20
